{
  "Comment": "See AssemblySummary.html for a human-readable version of this file",
  "Shasta version": "Shasta Release 0.11.1",
  "Reads used in this assembly":
  {
    "Read representation": "1 (RLE)",
    "Minimum read length": 10000,
    "Number of reads": 8824,
    "Number of read bases": 355941827,
    "Average read length": 40337,
    "Read N50": 43277,
    "Number of run-length encoded bases": 256781976,
    "Average length ratio of run-length encoded sequence over raw sequence": 0.7214,
    "Number of reads flagged as palindromic by self alignment": 69,
    "Number of reads flagged as chimeric": 15
  },
  "Reads discarded on input":
  {
    "Reads discarded on input because they contained invalid bases":
    {
      "Reads": 0,
      "Bases": 0
    },
    "Reads discarded on input because they were too short":
    {
      "Reads": 1239,
      "Bases": 5348754
    },
    "Reads discarded on input because they contained repeat counts greater than 255":
    {
      "Reads": 0,
      "Bases": 0
    },
    "Reads discarded on input, total":
    {
      "Reads": 1239,
      "Bases": 5348754
    },
    "Fraction of reads discarded on input over total present in input files":
    {
      "Reads": 0.1231,
      "Bases": 0.0148
    }
  },
  "Marker k-mers":
  {
    "Length k of k-mers used as markers": 14,
    "Total number of k-mers": 6377292,
    "Number of k-mers used as markers": 638031,
    "Fraction of k<-mers used as markers": 0.1  },
  "Markers":
  {
    "Total number of markers on all reads, one strand": 25598938,
    "Total number of markers on all reads, both strands": 51197876,
    "Average number of markers per raw base": 0.07192,
    "Average number of markers per run-length encoded base": 0.09969,
    "Average base offset between markers in raw sequence": 13.9,
    "Average base offset between markers in run-length encoded sequence": 10.03,
    "Average base gap between markers in run-length encoded sequence": -3.969
  },
  "Alignments":
  {
    "Number of alignment candidates found by the LowHash algorithm": 93687,
    "Number of good alignments": 89575,
    "Number of good alignments kept in the read graph": 31135
  },
  "Alignment criteria actually used for creation of the read graph":
  {
    "minAlignedMarkerCount": 325,
    "minAlignedFraction": 0.395,
    "maxSkip": 30,
    "maxDrift": 13,
    "maxTrim": 51
  },
  "Read graph":
  {
    "Number of vertices": 17648,
    "Number of edges": 62270,
    "Isolated reads":
    {
      "Reads": 295,
      "Bases": 12386413
    },
    "Non-isolated reads":
    {
      "Reads": 8529,
      "Bases": 343555414
    },
    "Isolated reads fraction":
    {
      "Reads": 0.03343,
      "Bases": 0.0348
    },
    "Non-isolated reads fraction":
    {
      "Reads": 0.9666,
      "Bases": 0.9652
    }
  },
  "Marker graph":
  {
    "Total number of vertices": 4332338,
    "Total number of edges": 4634588,
    "Number of vertices that are not isolated after edge removal": 3873892,
    "Number of edges that were not removed": 3872512
  },
  "Assembly graph":
  {
    "Number of vertices": 2842,
    "Number of edges": 1462,
    "Number of edges assembled": 731
  },
  "Assembled segments":
  {
    "Number of segments assembled": 731,
    "Total assembled segment length": 26846897,
    "Longest assembled segment length": 297179,
    "Assembled segments N50": 40648
  },
  "Performance":
  {
    "Elapsed time (seconds)": 211.1,
    "Elapsed time (minutes)": 3.518,
    "Elapsed time (hours)": 0.05863,
    "Average CPU utilization": 0.0403,
    "Peak memory utilization (bytes)": 13503713280,
    "Number of threads used": 12,
    "Total number of virtual CPUs available": 64,
    "Total physical memory available (bytes)": 270355693568
  }
}