{
  "Comment": "See AssemblySummary.html for a human-readable version of this file",
  "Shasta version": "Shasta Release 0.11.1",
  "Reads used in this assembly":
  {
    "Read representation": "1 (RLE)",
    "Minimum read length": 10000,
    "Number of reads": 548,
    "Number of read bases": 19442759,
    "Average read length": 35479,
    "Read N50": 41271,
    "Number of run-length encoded bases": 14003520,
    "Average length ratio of run-length encoded sequence over raw sequence": 0.7202,
    "Number of reads flagged as palindromic by self alignment": 5,
    "Number of reads flagged as chimeric": 2
  },
  "Reads discarded on input":
  {
    "Reads discarded on input because they contained invalid bases":
    {
      "Reads": 0,
      "Bases": 0
    },
    "Reads discarded on input because they were too short":
    {
      "Reads": 153,
      "Bases": 802487
    },
    "Reads discarded on input because they contained repeat counts greater than 255":
    {
      "Reads": 0,
      "Bases": 0
    },
    "Reads discarded on input, total":
    {
      "Reads": 153,
      "Bases": 802487
    },
    "Fraction of reads discarded on input over total present in input files":
    {
      "Reads": 0.2183,
      "Bases": 0.03964
    }
  },
  "Marker k-mers":
  {
    "Length k of k-mers used as markers": 14,
    "Total number of k-mers": 6377292,
    "Number of k-mers used as markers": 638031,
    "Fraction of k<-mers used as markers": 0.1  },
  "Markers":
  {
    "Total number of markers on all reads, one strand": 1391644,
    "Total number of markers on all reads, both strands": 2783288,
    "Average number of markers per raw base": 0.07158,
    "Average number of markers per run-length encoded base": 0.09938,
    "Average base offset between markers in raw sequence": 13.97,
    "Average base offset between markers in run-length encoded sequence": 10.06,
    "Average base gap between markers in run-length encoded sequence": -3.937
  },
  "Alignments":
  {
    "Number of alignment candidates found by the LowHash algorithm": 23001,
    "Number of good alignments": 20694,
    "Number of good alignments kept in the read graph": 2684
  },
  "Alignment criteria actually used for creation of the read graph":
  {
    "minAlignedMarkerCount": 195,
    "minAlignedFraction": 0.375,
    "maxSkip": 35,
    "maxDrift": 14,
    "maxTrim": 68
  },
  "Read graph":
  {
    "Number of vertices": 1096,
    "Number of edges": 5368,
    "Isolated reads":
    {
      "Reads": 34,
      "Bases": 1181563
    },
    "Non-isolated reads":
    {
      "Reads": 514,
      "Bases": 18261196
    },
    "Isolated reads fraction":
    {
      "Reads": 0.06204,
      "Bases": 0.06077
    },
    "Non-isolated reads fraction":
    {
      "Reads": 0.938,
      "Bases": 0.9392
    }
  },
  "Marker graph":
  {
    "Total number of vertices": 22316,
    "Total number of edges": 92370,
    "Number of vertices that are not isolated after edge removal": 22268,
    "Number of edges that were not removed": 22266
  },
  "Assembly graph":
  {
    "Number of vertices": 4,
    "Number of edges": 2,
    "Number of edges assembled": 1
  },
  "Assembled segments":
  {
    "Number of segments assembled": 1,
    "Total assembled segment length": 169615,
    "Longest assembled segment length": 169615,
    "Assembled segments N50": 169615
  },
  "Performance":
  {
    "Elapsed time (seconds)": 90.16,
    "Elapsed time (minutes)": 1.503,
    "Elapsed time (hours)": 0.02504,
    "Average CPU utilization": 0.02056,
    "Peak memory utilization (bytes)": 11114766336,
    "Number of threads used": 12,
    "Total number of virtual CPUs available": 64,
    "Total physical memory available (bytes)": 270355693568
  }
}