{
  "Comment": "See AssemblySummary.html for a human-readable version of this file",
  "Shasta version": "Shasta Release 0.11.1",
  "Reads used in this assembly":
  {
    "Read representation": "1 (RLE)",
    "Minimum read length": 10000,
    "Number of reads": 1008,
    "Number of read bases": 35709015,
    "Average read length": 35425,
    "Read N50": 40736,
    "Number of run-length encoded bases": 25735974,
    "Average length ratio of run-length encoded sequence over raw sequence": 0.7207,
    "Number of reads flagged as palindromic by self alignment": 7,
    "Number of reads flagged as chimeric": 7
  },
  "Reads discarded on input":
  {
    "Reads discarded on input because they contained invalid bases":
    {
      "Reads": 0,
      "Bases": 0
    },
    "Reads discarded on input because they were too short":
    {
      "Reads": 285,
      "Bases": 1447873
    },
    "Reads discarded on input because they contained repeat counts greater than 255":
    {
      "Reads": 0,
      "Bases": 0
    },
    "Reads discarded on input, total":
    {
      "Reads": 285,
      "Bases": 1447873
    },
    "Fraction of reads discarded on input over total present in input files":
    {
      "Reads": 0.2204,
      "Bases": 0.03897
    }
  },
  "Marker k-mers":
  {
    "Length k of k-mers used as markers": 14,
    "Total number of k-mers": 6377292,
    "Number of k-mers used as markers": 638031,
    "Fraction of k<-mers used as markers": 0.1  },
  "Markers":
  {
    "Total number of markers on all reads, one strand": 2554057,
    "Total number of markers on all reads, both strands": 5108114,
    "Average number of markers per raw base": 0.07152,
    "Average number of markers per run-length encoded base": 0.09924,
    "Average base offset between markers in raw sequence": 13.98,
    "Average base offset between markers in run-length encoded sequence": 10.08,
    "Average base gap between markers in run-length encoded sequence": -3.923
  },
  "Alignments":
  {
    "Number of alignment candidates found by the LowHash algorithm": 37737,
    "Number of good alignments": 34167,
    "Number of good alignments kept in the read graph": 4761
  },
  "Alignment criteria actually used for creation of the read graph":
  {
    "minAlignedMarkerCount": 205,
    "minAlignedFraction": 0.385,
    "maxSkip": 36,
    "maxDrift": 14,
    "maxTrim": 67
  },
  "Read graph":
  {
    "Number of vertices": 2016,
    "Number of edges": 9522,
    "Isolated reads":
    {
      "Reads": 60,
      "Bases": 1916173
    },
    "Non-isolated reads":
    {
      "Reads": 948,
      "Bases": 33792842
    },
    "Isolated reads fraction":
    {
      "Reads": 0.05952,
      "Bases": 0.05366
    },
    "Non-isolated reads fraction":
    {
      "Reads": 0.9405,
      "Bases": 0.9463
    }
  },
  "Marker graph":
  {
    "Total number of vertices": 60616,
    "Total number of edges": 222542,
    "Number of vertices that are not isolated after edge removal": 42984,
    "Number of edges that were not removed": 42984
  },
  "Assembly graph":
  {
    "Number of vertices": 2,
    "Number of edges": 2,
    "Number of edges assembled": 1
  },
  "Assembled segments":
  {
    "Number of segments assembled": 1,
    "Total assembled segment length": 298078,
    "Longest assembled segment length": 298078,
    "Assembled segments N50": 298078
  },
  "Performance":
  {
    "Elapsed time (seconds)": 105.6,
    "Elapsed time (minutes)": 1.759,
    "Elapsed time (hours)": 0.02932,
    "Average CPU utilization": 0.02491,
    "Peak memory utilization (bytes)": 11540025344,
    "Number of threads used": 12,
    "Total number of virtual CPUs available": 64,
    "Total physical memory available (bytes)": 270355693568
  }
}