{
  "Comment": "See AssemblySummary.html for a human-readable version of this file",
  "Shasta version": "Shasta Release 0.11.1",
  "Reads used in this assembly":
  {
    "Read representation": "1 (RLE)",
    "Minimum read length": 50000,
    "Number of reads": 78,
    "Number of read bases": 4507904,
    "Average read length": 57793,
    "Read N50": 55908,
    "Number of run-length encoded bases": 3250113,
    "Average length ratio of run-length encoded sequence over raw sequence": 0.721,
    "Number of reads flagged as palindromic by self alignment": 4,
    "Number of reads flagged as chimeric": 0
  },
  "Reads discarded on input":
  {
    "Reads discarded on input because they contained invalid bases":
    {
      "Reads": 0,
      "Bases": 0
    },
    "Reads discarded on input because they were too short":
    {
      "Reads": 514,
      "Bases": 12403738
    },
    "Reads discarded on input because they contained repeat counts greater than 255":
    {
      "Reads": 0,
      "Bases": 0
    },
    "Reads discarded on input, total":
    {
      "Reads": 514,
      "Bases": 12403738
    },
    "Fraction of reads discarded on input over total present in input files":
    {
      "Reads": 0.8682,
      "Bases": 0.7334
    }
  },
  "Marker k-mers":
  {
    "Length k of k-mers used as markers": 10,
    "Total number of k-mers": 78732,
    "Number of k-mers used as markers": 7764,
    "Fraction of k<-mers used as markers": 0.0986  },
  "Markers":
  {
    "Total number of markers on all reads, one strand": 319355,
    "Total number of markers on all reads, both strands": 638710,
    "Average number of markers per raw base": 0.07084,
    "Average number of markers per run-length encoded base": 0.09826,
    "Average base offset between markers in raw sequence": 14.12,
    "Average base offset between markers in run-length encoded sequence": 10.18,
    "Average base gap between markers in run-length encoded sequence": 0.1771
  },
  "Alignments":
  {
    "Number of alignment candidates found by the LowHash algorithm": 1714,
    "Number of good alignments": 1342,
    "Number of good alignments kept in the read graph": 568
  },
  "Alignment criteria actually used for creation of the read graph":
  {
    "minAlignedMarkerCount": 185,
    "minAlignedFraction": 0.405,
    "maxSkip": 32,
    "maxDrift": 13,
    "maxTrim": 35
  },
  "Read graph":
  {
    "Number of vertices": 156,
    "Number of edges": 1136,
    "Isolated reads":
    {
      "Reads": 5,
      "Bases": 350398
    },
    "Non-isolated reads":
    {
      "Reads": 73,
      "Bases": 4157506
    },
    "Isolated reads fraction":
    {
      "Reads": 0.0641,
      "Bases": 0.07773
    },
    "Non-isolated reads fraction":
    {
      "Reads": 0.9359,
      "Bases": 0.9223
    }
  },
  "Marker graph":
  {
    "Total number of vertices": 22302,
    "Total number of edges": 22746,
    "Number of vertices that are not isolated after edge removal": 0,
    "Number of edges that were not removed": 0
  },
  "Phased assembly statistics":
  {
    "Bubble chains":
    {
      "Length": 115626,
      "N50": 115626
    },
    "Diploid sequence (per haplotype)":
    {
      "Length": 111777,
      "N50": 111782
    },
    "Haploid sequence":
    {
      "Length": 3844,
      "N50": 3731
    },
    "Total sequence assembled in bubble chains, per haplotype": 115621,
    "Sequence outside bubble chains": 46611,
    "Number of bubbles that describe a single SNP (transition)": 40,
    "Number of bubbles that describe a single SNP (transversion)": 16,
    "Number of bubbles that describe a single SNP (total)": 56,
    "Transition/transversion ratio for bubbles that describe a single SNP": 2.5,
    "Number of bubbles that describe indels or more than one SNP": 68
  },
  "Performance":
  {
    "Elapsed time (seconds)": 7.949,
    "Elapsed time (minutes)": 0.1325,
    "Elapsed time (hours)": 0.002208,
    "Average CPU utilization": 0.02541,
    "Peak memory utilization (bytes)": 1400102912,
    "Number of threads used": 12,
    "Total number of virtual CPUs available": 64,
    "Total physical memory available (bytes)": 270355693568
  }
}