{
  "Comment": "See AssemblySummary.html for a human-readable version of this file",
  "Shasta version": "Shasta Release 0.11.1",
  "Reads used in this assembly":
  {
    "Read representation": "1 (RLE)",
    "Minimum read length": 10000,
    "Number of reads": 7104,
    "Number of read bases": 285454801,
    "Average read length": 40182,
    "Read N50": 43053,
    "Number of run-length encoded bases": 205434665,
    "Average length ratio of run-length encoded sequence over raw sequence": 0.7197,
    "Number of reads flagged as palindromic by self alignment": 19,
    "Number of reads flagged as chimeric": 10
  },
  "Reads discarded on input":
  {
    "Reads discarded on input because they contained invalid bases":
    {
      "Reads": 0,
      "Bases": 0
    },
    "Reads discarded on input because they were too short":
    {
      "Reads": 1049,
      "Bases": 4540114
    },
    "Reads discarded on input because they contained repeat counts greater than 255":
    {
      "Reads": 0,
      "Bases": 0
    },
    "Reads discarded on input, total":
    {
      "Reads": 1049,
      "Bases": 4540114
    },
    "Fraction of reads discarded on input over total present in input files":
    {
      "Reads": 0.1287,
      "Bases": 0.01566
    }
  },
  "Marker k-mers":
  {
    "Length k of k-mers used as markers": 14,
    "Total number of k-mers": 6377292,
    "Number of k-mers used as markers": 638031,
    "Fraction of k<-mers used as markers": 0.1  },
  "Markers":
  {
    "Total number of markers on all reads, one strand": 20439383,
    "Total number of markers on all reads, both strands": 40878766,
    "Average number of markers per raw base": 0.0716,
    "Average number of markers per run-length encoded base": 0.09949,
    "Average base offset between markers in raw sequence": 13.97,
    "Average base offset between markers in run-length encoded sequence": 10.05,
    "Average base gap between markers in run-length encoded sequence": -3.949
  },
  "Alignments":
  {
    "Number of alignment candidates found by the LowHash algorithm": 81122,
    "Number of good alignments": 77140,
    "Number of good alignments kept in the read graph": 25445
  },
  "Alignment criteria actually used for creation of the read graph":
  {
    "minAlignedMarkerCount": 285,
    "minAlignedFraction": 0.405,
    "maxSkip": 30,
    "maxDrift": 12,
    "maxTrim": 50
  },
  "Read graph":
  {
    "Number of vertices": 14208,
    "Number of edges": 50890,
    "Isolated reads":
    {
      "Reads": 229,
      "Bases": 8312985
    },
    "Non-isolated reads":
    {
      "Reads": 6875,
      "Bases": 277141816
    },
    "Isolated reads fraction":
    {
      "Reads": 0.03224,
      "Bases": 0.02912
    },
    "Non-isolated reads fraction":
    {
      "Reads": 0.9678,
      "Bases": 0.9709
    }
  },
  "Marker graph":
  {
    "Total number of vertices": 3328846,
    "Total number of edges": 3588614,
    "Number of vertices that are not isolated after edge removal": 3058088,
    "Number of edges that were not removed": 3057000
  },
  "Assembly graph":
  {
    "Number of vertices": 2222,
    "Number of edges": 1134,
    "Number of edges assembled": 567
  },
  "Assembled segments":
  {
    "Number of segments assembled": 567,
    "Total assembled segment length": 21287932,
    "Longest assembled segment length": 297657,
    "Assembled segments N50": 40891
  },
  "Performance":
  {
    "Elapsed time (seconds)": 187.2,
    "Elapsed time (minutes)": 3.121,
    "Elapsed time (hours)": 0.05201,
    "Average CPU utilization": 0.03607,
    "Peak memory utilization (bytes)": 12959834112,
    "Number of threads used": 12,
    "Total number of virtual CPUs available": 64,
    "Total physical memory available (bytes)": 270355693568
  }
}