{
  "Comment": "See AssemblySummary.html for a human-readable version of this file",
  "Shasta version": "Shasta Release 0.11.1",
  "Reads used in this assembly":
  {
    "Read representation": "1 (RLE)",
    "Minimum read length": 50000,
    "Number of reads": 1983,
    "Number of read bases": 124756127,
    "Average read length": 62912,
    "Read N50": 60149,
    "Number of run-length encoded bases": 90037269,
    "Average length ratio of run-length encoded sequence over raw sequence": 0.7217,
    "Number of reads flagged as palindromic by self alignment": 90,
    "Number of reads flagged as chimeric": 1
  },
  "Reads discarded on input":
  {
    "Reads discarded on input because they contained invalid bases":
    {
      "Reads": 0,
      "Bases": 0
    },
    "Reads discarded on input because they were too short":
    {
      "Reads": 8080,
      "Bases": 236534454
    },
    "Reads discarded on input because they contained repeat counts greater than 255":
    {
      "Reads": 0,
      "Bases": 0
    },
    "Reads discarded on input, total":
    {
      "Reads": 8080,
      "Bases": 236534454
    },
    "Fraction of reads discarded on input over total present in input files":
    {
      "Reads": 0.8029,
      "Bases": 0.6547
    }
  },
  "Marker k-mers":
  {
    "Length k of k-mers used as markers": 10,
    "Total number of k-mers": 78732,
    "Number of k-mers used as markers": 7764,
    "Fraction of k<-mers used as markers": 0.0986  },
  "Markers":
  {
    "Total number of markers on all reads, one strand": 8852614,
    "Total number of markers on all reads, both strands": 17705228,
    "Average number of markers per raw base": 0.07096,
    "Average number of markers per run-length encoded base": 0.09832,
    "Average base offset between markers in raw sequence": 14.09,
    "Average base offset between markers in run-length encoded sequence": 10.17,
    "Average base gap between markers in run-length encoded sequence": 0.1707
  },
  "Alignments":
  {
    "Number of alignment candidates found by the LowHash algorithm": 123071,
    "Number of good alignments": 96732,
    "Number of good alignments kept in the read graph": 13154
  },
  "Alignment criteria actually used for creation of the read graph":
  {
    "minAlignedMarkerCount": 315,
    "minAlignedFraction": 0.465,
    "maxSkip": 29,
    "maxDrift": 13,
    "maxTrim": 50
  },
  "Read graph":
  {
    "Number of vertices": 3966,
    "Number of edges": 26308,
    "Isolated reads":
    {
      "Reads": 93,
      "Bases": 6919815
    },
    "Non-isolated reads":
    {
      "Reads": 1890,
      "Bases": 117836312
    },
    "Isolated reads fraction":
    {
      "Reads": 0.0469,
      "Bases": 0.05547
    },
    "Non-isolated reads fraction":
    {
      "Reads": 0.9531,
      "Bases": 0.9445
    }
  },
  "Marker graph":
  {
    "Total number of vertices": 135118,
    "Total number of edges": 140298,
    "Number of vertices that are not isolated after edge removal": 0,
    "Number of edges that were not removed": 0
  },
  "Phased assembly statistics":
  {
    "Bubble chains":
    {
      "Length": 847166,
      "N50": 51045
    },
    "Diploid sequence (per haplotype)":
    {
      "Length": 714288,
      "N50": 46370
    },
    "Haploid sequence":
    {
      "Length": 133115,
      "N50": 10857
    },
    "Total sequence assembled in bubble chains, per haplotype": 847403,
    "Sequence outside bubble chains": 225278,
    "Number of bubbles that describe a single SNP (transition)": 103,
    "Number of bubbles that describe a single SNP (transversion)": 37,
    "Number of bubbles that describe a single SNP (total)": 140,
    "Transition/transversion ratio for bubbles that describe a single SNP": 2.784,
    "Number of bubbles that describe indels or more than one SNP": 1037
  },
  "Performance":
  {
    "Elapsed time (seconds)": 168.9,
    "Elapsed time (minutes)": 2.815,
    "Elapsed time (hours)": 0.04692,
    "Average CPU utilization": 0.08245,
    "Peak memory utilization (bytes)": 1781547008,
    "Number of threads used": 12,
    "Total number of virtual CPUs available": 64,
    "Total physical memory available (bytes)": 270355693568
  }
}