{
  "Comment": "See AssemblySummary.html for a human-readable version of this file",
  "Shasta version": "Shasta Release 0.11.1",
  "Reads used in this assembly":
  {
    "Read representation": "1 (RLE)",
    "Minimum read length": 10000,
    "Number of reads": 460,
    "Number of read bases": 16266256,
    "Average read length": 35361,
    "Read N50": 40191,
    "Number of run-length encoded bases": 11732454,
    "Average length ratio of run-length encoded sequence over raw sequence": 0.7213,
    "Number of reads flagged as palindromic by self alignment": 2,
    "Number of reads flagged as chimeric": 0
  },
  "Reads discarded on input":
  {
    "Reads discarded on input because they contained invalid bases":
    {
      "Reads": 0,
      "Bases": 0
    },
    "Reads discarded on input because they were too short":
    {
      "Reads": 132,
      "Bases": 645386
    },
    "Reads discarded on input because they contained repeat counts greater than 255":
    {
      "Reads": 0,
      "Bases": 0
    },
    "Reads discarded on input, total":
    {
      "Reads": 132,
      "Bases": 645386
    },
    "Fraction of reads discarded on input over total present in input files":
    {
      "Reads": 0.223,
      "Bases": 0.03816
    }
  },
  "Marker k-mers":
  {
    "Length k of k-mers used as markers": 14,
    "Total number of k-mers": 6377292,
    "Number of k-mers used as markers": 638031,
    "Fraction of k<-mers used as markers": 0.1  },
  "Markers":
  {
    "Total number of markers on all reads, one strand": 1162413,
    "Total number of markers on all reads, both strands": 2324826,
    "Average number of markers per raw base": 0.07146,
    "Average number of markers per run-length encoded base": 0.09908,
    "Average base offset between markers in raw sequence": 13.99,
    "Average base offset between markers in run-length encoded sequence": 10.09,
    "Average base gap between markers in run-length encoded sequence": -3.907
  },
  "Alignments":
  {
    "Number of alignment candidates found by the LowHash algorithm": 14435,
    "Number of good alignments": 13347,
    "Number of good alignments kept in the read graph": 2098
  },
  "Alignment criteria actually used for creation of the read graph":
  {
    "minAlignedMarkerCount": 275,
    "minAlignedFraction": 0.405,
    "maxSkip": 39,
    "maxDrift": 14,
    "maxTrim": 62
  },
  "Read graph":
  {
    "Number of vertices": 920,
    "Number of edges": 4196,
    "Isolated reads":
    {
      "Reads": 26,
      "Bases": 768461
    },
    "Non-isolated reads":
    {
      "Reads": 434,
      "Bases": 15497795
    },
    "Isolated reads fraction":
    {
      "Reads": 0.05652,
      "Bases": 0.04724
    },
    "Non-isolated reads fraction":
    {
      "Reads": 0.9435,
      "Bases": 0.9528
    }
  },
  "Marker graph":
  {
    "Total number of vertices": 29828,
    "Total number of edges": 100058,
    "Number of vertices that are not isolated after edge removal": 27098,
    "Number of edges that were not removed": 27096
  },
  "Assembly graph":
  {
    "Number of vertices": 12,
    "Number of edges": 10,
    "Number of edges assembled": 5
  },
  "Assembled segments":
  {
    "Number of segments assembled": 5,
    "Total assembled segment length": 197795,
    "Longest assembled segment length": 125536,
    "Assembled segments N50": 125536
  },
  "Performance":
  {
    "Elapsed time (seconds)": 106.6,
    "Elapsed time (minutes)": 1.776,
    "Elapsed time (hours)": 0.0296,
    "Average CPU utilization": 0.01519,
    "Peak memory utilization (bytes)": 11102216192,
    "Number of threads used": 12,
    "Total number of virtual CPUs available": 64,
    "Total physical memory available (bytes)": 270355693568
  }
}