{
  "Comment": "See AssemblySummary.html for a human-readable version of this file",
  "Shasta version": "Shasta Release 0.11.1",
  "Reads used in this assembly":
  {
    "Read representation": "1 (RLE)",
    "Minimum read length": 50000,
    "Number of reads": 83,
    "Number of read bases": 5094143,
    "Average read length": 61375,
    "Read N50": 59123,
    "Number of run-length encoded bases": 3668836,
    "Average length ratio of run-length encoded sequence over raw sequence": 0.7202,
    "Number of reads flagged as palindromic by self alignment": 5,
    "Number of reads flagged as chimeric": 1
  },
  "Reads discarded on input":
  {
    "Reads discarded on input because they contained invalid bases":
    {
      "Reads": 0,
      "Bases": 0
    },
    "Reads discarded on input because they were too short":
    {
      "Reads": 618,
      "Bases": 15151103
    },
    "Reads discarded on input because they contained repeat counts greater than 255":
    {
      "Reads": 0,
      "Bases": 0
    },
    "Reads discarded on input, total":
    {
      "Reads": 618,
      "Bases": 15151103
    },
    "Fraction of reads discarded on input over total present in input files":
    {
      "Reads": 0.8816,
      "Bases": 0.7484
    }
  },
  "Marker k-mers":
  {
    "Length k of k-mers used as markers": 10,
    "Total number of k-mers": 78732,
    "Number of k-mers used as markers": 7764,
    "Fraction of k<-mers used as markers": 0.0986  },
  "Markers":
  {
    "Total number of markers on all reads, one strand": 360289,
    "Total number of markers on all reads, both strands": 720578,
    "Average number of markers per raw base": 0.07073,
    "Average number of markers per run-length encoded base": 0.0982,
    "Average base offset between markers in raw sequence": 14.14,
    "Average base offset between markers in run-length encoded sequence": 10.18,
    "Average base gap between markers in run-length encoded sequence": 0.183
  },
  "Alignments":
  {
    "Number of alignment candidates found by the LowHash algorithm": 1469,
    "Number of good alignments": 982,
    "Number of good alignments kept in the read graph": 560
  },
  "Alignment criteria actually used for creation of the read graph":
  {
    "minAlignedMarkerCount": 145,
    "minAlignedFraction": 0.415,
    "maxSkip": 35,
    "maxDrift": 14,
    "maxTrim": 56
  },
  "Read graph":
  {
    "Number of vertices": 166,
    "Number of edges": 1120,
    "Isolated reads":
    {
      "Reads": 8,
      "Bases": 511539
    },
    "Non-isolated reads":
    {
      "Reads": 75,
      "Bases": 4582604
    },
    "Isolated reads fraction":
    {
      "Reads": 0.09639,
      "Bases": 0.1004
    },
    "Non-isolated reads fraction":
    {
      "Reads": 0.9036,
      "Bases": 0.8996
    }
  },
  "Marker graph":
  {
    "Total number of vertices": 24090,
    "Total number of edges": 24666,
    "Number of vertices that are not isolated after edge removal": 0,
    "Number of edges that were not removed": 0
  },
  "Phased assembly statistics":
  {
    "Bubble chains":
    {
      "Length": 169249,
      "N50": 169249
    },
    "Diploid sequence (per haplotype)":
    {
      "Length": 135059,
      "N50": 135088
    },
    "Haploid sequence":
    {
      "Length": 34205,
      "N50": 31785
    },
    "Total sequence assembled in bubble chains, per haplotype": 169264,
    "Sequence outside bubble chains": 0,
    "Number of bubbles that describe a single SNP (transition)": 35,
    "Number of bubbles that describe a single SNP (transversion)": 16,
    "Number of bubbles that describe a single SNP (total)": 51,
    "Transition/transversion ratio for bubbles that describe a single SNP": 2.188,
    "Number of bubbles that describe indels or more than one SNP": 59
  },
  "Performance":
  {
    "Elapsed time (seconds)": 9.323,
    "Elapsed time (minutes)": 0.1554,
    "Elapsed time (hours)": 0.00259,
    "Average CPU utilization": 0.02371,
    "Peak memory utilization (bytes)": 1401360384,
    "Number of threads used": 12,
    "Total number of virtual CPUs available": 64,
    "Total physical memory available (bytes)": 270355693568
  }
}